Sr.,Stock Name,Symbol,close,%_change,volume
1,Adani Total Gas Ltd,ATGL,781,9.52%,"2,82,28,417"
2,Finolex Industries Limited,FINPIPE,193.2,8.45%,"2,21,73,186"
3,Vidya Wires Ltd,VIDYAWIRES,109.65,7.91%,"1,12,05,352"
4,Exide Industries Limited,EXIDEIND,389.35,6.31%,"1,45,96,123"
5,HFCL Ltd,HFCL,170.25,5.22%,"3,94,42,977"
6,Jk Tyre & Industries Limited,JKTYRE,413.55,4.92%,"1,01,22,847"
7,Granules India Limited,GRANULES,790.4,4.48%,"1,01,56,741"
8,National Aluminium Company Limited,NATIONALUM,433.5,4.16%,"1,04,17,932"
9,Swiggy Ltd,SWIGGY,264.35,4.12%,"1,07,86,290"
10,Sammaan Capital Ltd,SAMMAANCAP,173.1,3.21%,"2,00,90,018"
11,Adani Power Limited,ADANIPOWER,251.42,2.82%,"5,51,99,321"
12,Vedanta Limited,VEDL,353.7,2.55%,"1,91,12,071"
13,Tata Steel Limited,TATASTEEL,215.6,2.44%,"2,50,51,731"
14,Apollo Micro Systems Ltd,APOLLO,420.15,1.95%,"3,28,68,938"
15,Eternal Ltd,ETERNAL,253.04,1.15%,"1,54,10,735"
16,Pine Labs Ltd,PINELABS,138.98,0.75%,"3,34,82,969"
17,Canara Bank Ltd,CANBK,134.01,0.65%,"1,25,96,163"
18,Steel Authority Of India Limited,SAIL,204.7,0.42%,"1,97,80,745"
19,Wipro Limited,WIPRO,203.6,-0.06%,"1,37,26,100"
20,Nippon India Silver ETF,SILVERBEES,248.82,-0.98%,"1,11,87,033"
21,Marksans Pharma Limited,MARKSANS,250.4,-1.72%,"1,17,03,175"
22,Hdfc Bank Limited,HDFCBANK,763.3,-2%,"2,77,60,360"
23,Coal India Limited,COALINDIA,448.35,-2.14%,"5,21,79,196"
24,Itc Limited,ITC,292.8,-2.93%,"1,26,31,241"
25,Oil & Natural Gas Corporation Limited,ONGC,276.75,-3.74%,"1,76,25,752"
26,Diamond Power Infrastructure Ltd,DIACABS,198.33,-4.03%,"1,43,96,838"
